path	commit_id	commit_subject
localized_data/assets/home/data/00001/02/hometimeline_00001_02_1118001.json	ec326b8dab93f4dd0660beab81703fb61cb36c28	爱慕律动生日大厅对话
localized_data/assets/home/data/00001/02/hometimeline_00001_02_1118002.json	ec326b8dab93f4dd0660beab81703fb61cb36c28	爱慕律动生日大厅对话
localized_data/assets/story/data/09/0053/storytimeline_090053001.json	2215ec8169b788ccb4f461cd0232b435cf107339	杂项 | 支援卡故事 | 活动剧情
localized_data/assets/story/data/09/0053/storytimeline_090053002.json	2215ec8169b788ccb4f461cd0232b435cf107339	杂项 | 支援卡故事 | 活动剧情
localized_data/assets/story/data/09/0053/storytimeline_090053003.json	2215ec8169b788ccb4f461cd0232b435cf107339	杂项 | 支援卡故事 | 活动剧情
localized_data/assets/story/data/09/0053/storytimeline_090053004.json	2215ec8169b788ccb4f461cd0232b435cf107339	杂项 | 支援卡故事 | 活动剧情
localized_data/assets/story/data/09/0053/storytimeline_090053005.json	2215ec8169b788ccb4f461cd0232b435cf107339	杂项 | 支援卡故事 | 活动剧情
localized_data/assets/story/data/09/0053/storytimeline_090053006.json	2215ec8169b788ccb4f461cd0232b435cf107339	杂项 | 支援卡故事 | 活动剧情
localized_data/assets/story/data/09/0053/storytimeline_090053007.json	2215ec8169b788ccb4f461cd0232b435cf107339	杂项 | 支援卡故事 | 活动剧情
localized_data/assets/story/data/09/0053/storytimeline_090053008.json	2215ec8169b788ccb4f461cd0232b435cf107339	杂项 | 支援卡故事 | 活动剧情
localized_data/assets/story/data/83/0297/storytimeline_830297001.json	2215ec8169b788ccb4f461cd0232b435cf107339	杂项 | 支援卡故事 | 活动剧情
localized_data/assets/story/data/83/0297/storytimeline_830297002.json	2215ec8169b788ccb4f461cd0232b435cf107339	杂项 | 支援卡故事 | 活动剧情
localized_data/assets/story/data/83/0297/storytimeline_830297003.json	2215ec8169b788ccb4f461cd0232b435cf107339	杂项 | 支援卡故事 | 活动剧情
localized_data/assets/story/data/83/0298/storytimeline_830298001.json	2215ec8169b788ccb4f461cd0232b435cf107339	杂项 | 支援卡故事 | 活动剧情
localized_data/assets/story/data/83/0298/storytimeline_830298002.json	2215ec8169b788ccb4f461cd0232b435cf107339	杂项 | 支援卡故事 | 活动剧情
localized_data/assets/story/data/83/0298/storytimeline_830298003.json	2215ec8169b788ccb4f461cd0232b435cf107339	杂项 | 支援卡故事 | 活动剧情
localized_data/assets/story/data/83/0299/storytimeline_830299001.json	2215ec8169b788ccb4f461cd0232b435cf107339	杂项 | 支援卡故事 | 活动剧情
localized_data/assets/story/data/83/0299/storytimeline_830299002.json	2215ec8169b788ccb4f461cd0232b435cf107339	杂项 | 支援卡故事 | 活动剧情
localized_data/assets/story/data/83/0299/storytimeline_830299003.json	2215ec8169b788ccb4f461cd0232b435cf107339	杂项 | 支援卡故事 | 活动剧情
